Id,rank_test_score,mean_test_score,std_test_score,mean_fit_time,std_fit_time,mean_score_time,std_score_time,param_n_estimators,params,split0_test_score,split1_test_score,split2_test_score,split3_test_score,split4_test_score
5,1,0.8639734607114965,0.004561108602941439,10.426719093322754,0.1528744788068884,0.08493928909301758,0.007646236702735227,40,{'n_estimators': 40},0.8615437080823007,0.8596112311015118,0.8621120836648858,0.8639308855291576,0.872669395179627
7,2,0.8639279622331874,0.003997435379352488,10.293606758117676,0.5649239653487776,0.061281681060791016,0.005048762290566897,50,{'n_estimators': 50},0.8621120836648858,0.8596112311015118,0.8625667841309538,0.8639308855291576,0.871418826739427
4,3,0.8638143129636726,0.004758735981239378,7.738347005844116,0.14271451381029193,0.09934277534484863,0.042107786268821744,30,{'n_estimators': 30},0.8629078094805047,0.858474479936342,0.8610890076162329,0.8640445606456747,0.872555707139609
6,4,0.8635414358206266,0.003576810896939108,10.712644338607788,0.2854542830360849,0.06645669937133789,0.007178984148924199,45,{'n_estimators': 45},0.8615437080823007,0.8594975559849949,0.8625667841309538,0.8640445606456747,0.8700545702592087
0,5,0.863132200231765,0.003909714520181102,1.2837786197662353,0.023482727424553016,0.018949556350708007,0.0012625200733934919,5,{'n_estimators': 5},0.8617710583153347,0.8581334545867909,0.8614300329657838,0.8644992611117427,0.8698271941791723
1,6,0.8630639951618546,0.0039199614036863825,2.5176316261291505,0.019014200776869605,0.02892580032348633,0.0020869238015000418,10,{'n_estimators': 10},0.8616573831988178,0.8581334545867909,0.8613163578492667,0.8643855859952256,0.8698271941791723
2,6,0.8630639951618546,0.0039199614036863825,3.889961671829224,0.07090526613930498,0.04080533981323242,0.007342662164979475,15,{'n_estimators': 15},0.8616573831988178,0.8581334545867909,0.8613163578492667,0.8643855859952256,0.8698271941791723
3,8,0.8630412627232517,0.0038779706928681627,5.250552368164063,0.1582801191539969,0.05010652542114258,0.00576005693142631,20,{'n_estimators': 20},0.8616573831988178,0.8583608048198249,0.8613163578492667,0.8639308855291576,0.8699408822191905
